product_id,title,description,category,price,discount_percentage,overall_rating,stock,brand,final_price,price_bucket,rating_bucket,value_score
1,Essence Mascara Lash Princess,The Essence Mascara Lash Princess is a popular mascara known for its volumizing and lengthening effects. Achieve dramatic lashes with this long-lasting and cruelty-free formula.,beauty,9.99,10.48,2.56,99,Essence,8.943048000000001,very_low,neutral,0.256
2,Eyeshadow Palette with Mirror,"The Eyeshadow Palette with Mirror offers a versatile range of eyeshadow shades for creating stunning eye looks. With a built-in mirror, it's convenient for on-the-go makeup application.",beauty,19.99,18.19,2.86,34,Glamour Beauty,16.353819,very_low,neutral,0.143
3,Powder Canister,"The Powder Canister is a finely milled setting powder designed to set makeup and control shine. With a lightweight and translucent formula, it provides a smooth and matte finish.",beauty,14.99,9.84,4.64,89,Velvet Touch,13.514984,very_low,excellent,0.31
4,Red Lipstick,"The Red Lipstick is a classic and bold choice for adding a pop of color to your lips. With a creamy and pigmented formula, it provides a vibrant and long-lasting finish.",beauty,12.99,12.16,4.36,91,Chic Cosmetics,11.410416,very_low,excellent,0.336
5,Red Nail Polish,"The Red Nail Polish offers a rich and glossy red hue for vibrant and polished nails. With a quick-drying formula, it provides a salon-quality finish at home.",beauty,8.99,11.44,4.32,79,Nail Couture,7.961544,very_low,excellent,0.481
6,Calvin Klein CK One,"CK One by Calvin Klein is a classic unisex fragrance, known for its fresh and clean scent. It's a versatile fragrance suitable for everyday wear.",fragrances,49.99,1.89,4.37,29,Calvin Klein,49.045189,very_low,excellent,0.087
7,Chanel Coco Noir Eau De,"Coco Noir by Chanel is an elegant and mysterious fragrance, featuring notes of grapefruit, rose, and sandalwood. Perfect for evening occasions.",fragrances,129.99,16.51,4.26,58,Chanel,108.52865100000001,low,excellent,0.033
8,Dior J'adore,"J'adore by Dior is a luxurious and floral fragrance, known for its blend of ylang-ylang, rose, and jasmine. It embodies femininity and sophistication.",fragrances,89.99,14.72,3.8,98,Dior,76.743472,very_low,good,0.042
9,Dolce Shine Eau de,"Dolce Shine by Dolce & Gabbana is a vibrant and fruity fragrance, featuring notes of mango, jasmine, and blonde woods. It's a joyful and youthful scent.",fragrances,69.99,0.62,3.96,4,Dolce & Gabbana,69.556062,very_low,good,0.057
10,Gucci Bloom Eau de,"Gucci Bloom by Gucci is a floral and captivating fragrance, with notes of tuberose, jasmine, and Rangoon creeper. It's a modern and romantic scent.",fragrances,79.99,14.39,2.74,91,Gucci,68.479439,very_low,neutral,0.034
11,Annibale Colombo Bed,"The Annibale Colombo Bed is a luxurious and elegant bed frame, crafted with high-quality materials for a comfortable and stylish bedroom.",furniture,1899.99,8.57,4.77,88,Annibale Colombo,1737.160857,medium,excellent,0.003
12,Annibale Colombo Sofa,"The Annibale Colombo Sofa is a sophisticated and comfortable seating option, featuring exquisite design and premium upholstery for your living room.",furniture,2499.99,14.4,3.92,60,Annibale Colombo,2139.99144,high,good,0.002
13,Bedside Table African Cherry,"The Bedside Table in African Cherry is a stylish and functional addition to your bedroom, providing convenient storage space and a touch of elegance.",furniture,299.99,19.09,2.87,64,Furniture Co.,242.721909,low,neutral,0.01
14,Knoll Saarinen Executive Conference Chair,"The Knoll Saarinen Executive Conference Chair is a modern and ergonomic chair, perfect for your office or conference room with its timeless design.",furniture,499.99,2.01,4.88,26,Knoll,489.940201,low,excellent,0.01
15,Wooden Bathroom Sink With Mirror,"The Wooden Bathroom Sink with Mirror is a unique and stylish addition to your bathroom, featuring a wooden sink countertop and a matching mirror.",furniture,799.99,8.8,3.59,7,Bath Trends,729.5908800000001,medium,good,0.004
16,Apple,"Fresh and crisp apples, perfect for snacking or incorporating into various recipes.",groceries,1.99,12.62,4.19,8,Not set,1.7388620000000001,very_low,excellent,2.106
17,Beef Steak,"High-quality beef steak, great for grilling or cooking to your preferred level of doneness.",groceries,12.99,9.61,4.47,86,Not set,11.741661,very_low,excellent,0.344
18,Cat Food,Nutritious cat food formulated to meet the dietary needs of your feline friend.,groceries,8.99,9.58,3.13,46,Not set,8.128758,very_low,good,0.348
19,Chicken Meat,"Fresh and tender chicken meat, suitable for various culinary preparations.",groceries,9.99,13.7,3.19,97,Not set,8.62137,very_low,good,0.319
20,Cooking Oil,"Versatile cooking oil suitable for frying, sautéing, and various culinary applications.",groceries,4.99,9.33,4.8,10,Not set,4.524433,very_low,excellent,0.962
21,Cucumber,"Crisp and hydrating cucumbers, ideal for salads, snacks, or as a refreshing side.",groceries,1.49,0.16,4.07,84,Not set,1.4876159999999998,very_low,excellent,2.732
22,Dog Food,Specially formulated dog food designed to provide essential nutrients for your canine companion.,groceries,10.99,10.27,4.55,71,Not set,9.861327,very_low,excellent,0.414
23,Eggs,"Fresh eggs, a versatile ingredient for baking, cooking, or breakfast.",groceries,2.99,11.05,2.53,9,Not set,2.659605,very_low,neutral,0.846
24,Fish Steak,"Quality fish steak, suitable for grilling, baking, or pan-searing.",groceries,14.99,4.23,3.78,74,Not set,14.355923,very_low,good,0.252
25,Green Bell Pepper,"Fresh and vibrant green bell pepper, perfect for adding color and flavor to your dishes.",groceries,1.29,0.16,3.25,33,Not set,1.287936,very_low,good,2.519
26,Green Chili Pepper,"Spicy green chili pepper, ideal for adding heat to your favorite recipes.",groceries,0.99,1.0,3.66,3,Not set,0.9801,very_low,good,3.697
27,Honey Jar,"Pure and natural honey in a convenient jar, perfect for sweetening beverages or drizzling over food.",groceries,6.99,14.4,3.97,34,Not set,5.98344,very_low,good,0.568
28,Ice Cream,"Creamy and delicious ice cream, available in various flavors for a delightful treat.",groceries,5.49,8.69,3.39,27,Not set,5.012919,very_low,good,0.617
29,Juice,"Refreshing fruit juice, packed with vitamins and great for staying hydrated.",groceries,3.99,12.06,3.94,50,Not set,3.508806,very_low,good,0.987
30,Kiwi,"Nutrient-rich kiwi, perfect for snacking or adding a tropical twist to your dishes.",groceries,2.49,15.22,4.93,99,Not set,2.111022,very_low,excellent,1.98
31,Lemon,"Zesty and tangy lemons, versatile for cooking, baking, or making refreshing beverages.",groceries,0.79,9.7,3.53,31,Not set,0.7133700000000001,very_low,good,4.468
32,Milk,"Fresh and nutritious milk, a staple for various recipes and daily consumption.",groceries,3.49,13.74,2.61,27,Not set,3.0104740000000003,very_low,neutral,0.748
33,Mulberry,"Sweet and juicy mulberries, perfect for snacking or adding to desserts and cereals.",groceries,4.99,12.87,4.95,99,Not set,4.347787,very_low,excellent,0.992
34,Nescafe Coffee,"Quality coffee from Nescafe, available in various blends for a rich and satisfying cup.",groceries,7.99,1.59,4.82,57,Not set,7.862959,very_low,excellent,0.603
35,Potatoes,"Versatile and starchy potatoes, great for roasting, mashing, or as a side dish.",groceries,2.29,5.38,4.81,13,Not set,2.166798,very_low,excellent,2.1
36,Protein Powder,"Nutrient-packed protein powder, ideal for supplementing your diet with essential proteins.",groceries,19.99,7.59,4.18,80,Not set,18.472759,very_low,excellent,0.209
37,Red Onions,"Flavorful and aromatic red onions, perfect for adding depth to your savory dishes.",groceries,1.99,9.9,4.2,82,Not set,1.79299,very_low,excellent,2.111
38,Rice,"High-quality rice, a staple for various cuisines and a versatile base for many dishes.",groceries,5.99,9.29,3.18,59,Not set,5.433529,very_low,good,0.531
39,Soft Drinks,"Assorted soft drinks in various flavors, perfect for refreshing beverages.",groceries,1.99,17.48,4.75,53,Not set,1.642148,very_low,excellent,2.387
40,Strawberry,"Sweet and succulent strawberries, great for snacking, desserts, or blending into smoothies.",groceries,3.99,1.12,3.08,46,Not set,3.9453120000000004,very_low,good,0.772
41,Tissue Paper Box,"Convenient tissue paper box for everyday use, providing soft and absorbent tissues.",groceries,2.49,13.28,2.69,86,Not set,2.159328,very_low,neutral,1.08
42,Water,"Pure and refreshing bottled water, essential for staying hydrated throughout the day.",groceries,0.99,14.92,4.96,53,Not set,0.842292,very_low,excellent,5.01
43,Decoration Swing,"The Decoration Swing is a charming addition to your home decor. Crafted with intricate details, it adds a touch of elegance and whimsy to any room.",home-decoration,59.99,10.41,3.16,47,Not set,53.745041,very_low,good,0.053
44,Family Tree Photo Frame,"The Family Tree Photo Frame is a sentimental and stylish way to display your cherished family memories. With multiple photo slots, it tells the story of your loved ones.",home-decoration,29.99,14.87,4.53,77,Not set,25.530486999999997,very_low,excellent,0.151
45,House Showpiece Plant,The House Showpiece Plant is an artificial plant that brings a touch of nature to your home without the need for maintenance. It adds greenery and style to any space.,home-decoration,39.99,7.46,4.67,28,Not set,37.006746,very_low,excellent,0.117
46,Plant Pot,"The Plant Pot is a stylish container for your favorite plants. With a sleek design, it complements your indoor or outdoor garden, adding a modern touch to your plant display.",home-decoration,14.99,6.84,3.01,59,Not set,13.964684,very_low,good,0.201
47,Table Lamp,"The Table Lamp is a functional and decorative lighting solution for your living space. With a modern design, it provides both ambient and task lighting, enhancing the atmosphere.",home-decoration,49.99,7.09,3.55,9,Not set,46.445709,very_low,good,0.071
48,Bamboo Spatula,"The Bamboo Spatula is a versatile kitchen tool made from eco-friendly bamboo. Ideal for flipping, stirring, and serving various dishes.",kitchen-accessories,7.99,2.84,3.27,37,Not set,7.763084,very_low,good,0.409
49,Black Aluminium Cup,The Black Aluminium Cup is a stylish and durable cup suitable for both hot and cold beverages. Its sleek black design adds a modern touch to your drinkware collection.,kitchen-accessories,5.99,15.65,4.46,75,Not set,5.052565,very_low,excellent,0.745
50,Black Whisk,The Black Whisk is a kitchen essential for whisking and beating ingredients. Its ergonomic handle and sleek design make it a practical and stylish tool.,kitchen-accessories,9.99,10.24,3.9,73,Not set,8.967024,very_low,good,0.39
51,Boxed Blender,"The Boxed Blender is a powerful and compact blender perfect for smoothies, shakes, and more. Its convenient design and multiple functions make it a versatile kitchen appliance.",kitchen-accessories,39.99,7.26,4.56,9,Not set,37.086726,very_low,excellent,0.114
52,Carbon Steel Wok,"The Carbon Steel Wok is a versatile cooking pan suitable for stir-frying, sautéing, and deep frying. Its sturdy construction ensures even heat distribution for delicious meals.",kitchen-accessories,29.99,6.53,4.05,40,Not set,28.031653,very_low,excellent,0.135
53,Chopping Board,"The Chopping Board is an essential kitchen accessory for food preparation. Made from durable material, it provides a safe and hygienic surface for cutting and chopping.",kitchen-accessories,12.99,8.03,3.7,14,Not set,11.946902999999999,very_low,good,0.285
54,Citrus Squeezer Yellow,The Citrus Squeezer in Yellow is a handy tool for extracting juice from citrus fruits. Its vibrant color adds a cheerful touch to your kitchen gadgets.,kitchen-accessories,8.99,12.1,4.63,22,Not set,7.90221,very_low,excellent,0.515
55,Egg Slicer,"The Egg Slicer is a convenient tool for slicing boiled eggs evenly. It's perfect for salads, sandwiches, and other dishes where sliced eggs are desired.",kitchen-accessories,6.99,14.76,3.09,40,Not set,5.958276000000001,very_low,good,0.442
56,Electric Stove,The Electric Stove provides a portable and efficient cooking solution. Ideal for small kitchens or as an additional cooking surface for various culinary needs.,kitchen-accessories,49.99,14.04,4.11,21,Not set,42.971404,very_low,excellent,0.082
57,Fine Mesh Strainer,The Fine Mesh Strainer is a versatile tool for straining liquids and sifting dry ingredients. Its fine mesh ensures efficient filtering for smooth cooking and baking.,kitchen-accessories,9.99,3.5,3.04,85,Not set,9.64035,very_low,good,0.304
58,Fork,The Fork is a classic utensil for various dining and serving purposes. Its durable and ergonomic design makes it a reliable choice for everyday use.,kitchen-accessories,3.99,8.07,3.11,7,Not set,3.6680070000000002,very_low,good,0.779
59,Glass,The Glass is a versatile and elegant drinking vessel suitable for a variety of beverages. Its clear design allows you to enjoy the colors and textures of your drinks.,kitchen-accessories,4.99,7.92,4.02,46,Not set,4.594792000000001,very_low,excellent,0.806
60,Grater Black,"The Grater in Black is a handy kitchen tool for grating cheese, vegetables, and more. Its sleek design and sharp blades make food preparation efficient and easy.",kitchen-accessories,10.99,3.56,3.21,84,Not set,10.598756,very_low,good,0.292
61,Hand Blender,"The Hand Blender is a versatile kitchen appliance for blending, pureeing, and mixing. Its compact design and powerful motor make it a convenient tool for various recipes.",kitchen-accessories,34.99,17.02,3.86,84,Not set,29.034702,very_low,good,0.11
62,Ice Cube Tray,The Ice Cube Tray is a practical accessory for making ice cubes in various shapes. Perfect for keeping your drinks cool and adding a fun element to your beverages.,kitchen-accessories,5.99,0.63,4.71,13,Not set,5.952263,very_low,excellent,0.786
63,Kitchen Sieve,The Kitchen Sieve is a versatile tool for sifting and straining dry and wet ingredients. Its fine mesh design ensures smooth results in your cooking and baking.,kitchen-accessories,7.99,18.91,3.09,68,Not set,6.4790909999999995,very_low,good,0.387
64,Knife,"The Knife is an essential kitchen tool for chopping, slicing, and dicing. Its sharp blade and ergonomic handle make it a reliable choice for food preparation.",kitchen-accessories,14.99,18.86,3.26,7,Not set,12.162886,very_low,good,0.217
65,Lunch Box,"The Lunch Box is a convenient and portable container for packing and carrying your meals. With compartments for different foods, it's perfect for on-the-go dining.",kitchen-accessories,12.99,10.34,4.93,94,Not set,11.646834,very_low,excellent,0.38
66,Microwave Oven,"The Microwave Oven is a versatile kitchen appliance for quick and efficient cooking, reheating, and defrosting. Its compact size makes it suitable for various kitchen setups.",kitchen-accessories,89.99,12.13,4.82,59,Not set,79.074213,very_low,excellent,0.054
67,Mug Tree Stand,The Mug Tree Stand is a stylish and space-saving solution for organizing your mugs. Keep your favorite mugs easily accessible and neatly displayed in your kitchen.,kitchen-accessories,15.99,9.25,2.64,88,Not set,14.510925,very_low,neutral,0.165
68,Pan,"The Pan is a versatile and essential cookware item for frying, sautéing, and cooking various dishes. Its non-stick coating ensures easy food release and cleanup.",kitchen-accessories,24.99,3.0,2.79,90,Not set,24.240299999999998,very_low,neutral,0.112
69,Plate,The Plate is a classic and essential dishware item for serving meals. Its durable and stylish design makes it suitable for everyday use or special occasions.,kitchen-accessories,3.99,7.31,3.65,66,Not set,3.6983310000000005,very_low,good,0.915
70,Red Tongs,The Red Tongs are versatile kitchen tongs suitable for various cooking and serving tasks. Their vibrant color adds a pop of excitement to your kitchen utensils.,kitchen-accessories,6.99,14.52,4.42,82,Not set,5.975052,very_low,excellent,0.632
71,Silver Pot With Glass Cap,"The Silver Pot with Glass Cap is a stylish and functional cookware item for boiling, simmering, and preparing delicious meals. Its glass cap allows you to monitor cooking progress.",kitchen-accessories,39.99,5.7,3.22,40,Not set,37.71057,very_low,good,0.081
72,Slotted Turner,"The Slotted Turner is a kitchen utensil designed for flipping and turning food items. Its slotted design allows excess liquid to drain, making it ideal for frying and sautéing.",kitchen-accessories,8.99,13.35,3.4,88,Not set,7.789835000000001,very_low,good,0.378
73,Spice Rack,The Spice Rack is a convenient organizer for your spices and seasonings. Keep your kitchen essentials within reach and neatly arranged with this stylish spice rack.,kitchen-accessories,19.99,12.09,4.87,79,Not set,17.573209,very_low,excellent,0.244
74,Spoon,"The Spoon is a versatile kitchen utensil for stirring, serving, and tasting. Its ergonomic design and durable construction make it an essential tool for every kitchen.",kitchen-accessories,4.99,1.53,4.03,59,Not set,4.913653,very_low,excellent,0.808
75,Tray,"The Tray is a functional and decorative item for serving snacks, appetizers, or drinks. Its stylish design makes it a versatile accessory for entertaining guests.",kitchen-accessories,16.99,7.48,4.62,71,Not set,15.719147999999999,very_low,excellent,0.272
76,Wooden Rolling Pin,The Wooden Rolling Pin is a classic kitchen tool for rolling out dough for baking. Its smooth surface and sturdy handles make it easy to achieve uniform thickness.,kitchen-accessories,11.99,9.75,2.92,80,Not set,10.820975,very_low,neutral,0.244
77,Yellow Peeler,The Yellow Peeler is a handy tool for peeling fruits and vegetables with ease. Its bright yellow color adds a cheerful touch to your kitchen gadgets.,kitchen-accessories,5.99,12.48,4.24,35,Not set,5.242448,very_low,excellent,0.708
78,Apple MacBook Pro 14 Inch Space Grey,"The MacBook Pro 14 Inch in Space Grey is a powerful and sleek laptop, featuring Apple's M1 Pro chip for exceptional performance and a stunning Retina display.",laptops,1999.99,4.69,3.65,24,Apple,1906.190469,medium,good,0.002
79,Asus Zenbook Pro Dual Screen Laptop,"The Asus Zenbook Pro Dual Screen Laptop is a high-performance device with dual screens, providing productivity and versatility for creative professionals.",laptops,1799.99,11.14,3.95,45,Asus,1599.4711140000002,medium,good,0.002
80,Huawei Matebook X Pro,"The Huawei Matebook X Pro is a slim and stylish laptop with a high-resolution touchscreen display, offering a premium experience for users on the go.",laptops,1399.99,9.38,4.98,75,Huawei,1268.670938,medium,excellent,0.004
81,Lenovo Yoga 920,"The Lenovo Yoga 920 is a 2-in-1 convertible laptop with a flexible hinge, allowing you to use it as a laptop or tablet, offering versatility and portability.",laptops,1099.99,6.55,2.86,40,Lenovo,1027.940655,medium,neutral,0.003
82,New DELL XPS 13 9300 Laptop,"The New DELL XPS 13 9300 Laptop is a compact and powerful device, featuring a virtually borderless InfinityEdge display and high-end performance for various tasks.",laptops,1499.99,11.89,2.67,74,Dell,1321.641189,medium,neutral,0.002
83,Blue & Black Check Shirt,"The Blue & Black Check Shirt is a stylish and comfortable men's shirt featuring a classic check pattern. Made from high-quality fabric, it's suitable for both casual and semi-formal occasions.",mens-shirts,29.99,15.35,3.64,38,Fashion Trends,25.386535,very_low,good,0.121
84,Gigabyte Aorus Men Tshirt,"The Gigabyte Aorus Men Tshirt is a cool and casual shirt for gaming enthusiasts. With the Aorus logo and sleek design, it's perfect for expressing your gaming style.",mens-shirts,24.99,0.94,3.18,90,Gigabyte,24.755094,very_low,good,0.127
85,Man Plaid Shirt,The Man Plaid Shirt is a timeless and versatile men's shirt with a classic plaid pattern. Its comfortable fit and casual style make it a wardrobe essential for various occasions.,mens-shirts,34.99,19.5,3.46,82,Classic Wear,28.16695,very_low,good,0.099
86,Man Short Sleeve Shirt,"The Man Short Sleeve Shirt is a breezy and stylish option for warm days. With a comfortable fit and short sleeves, it's perfect for a laid-back yet polished look.",mens-shirts,19.99,6.83,2.9,2,Casual Comfort,18.624682999999997,very_low,neutral,0.145
87,Men Check Shirt,"The Men Check Shirt is a classic and versatile shirt featuring a stylish check pattern. Suitable for various occasions, it adds a smart and polished touch to your wardrobe.",mens-shirts,27.99,11.38,2.72,95,Urban Chic,24.804737999999997,very_low,neutral,0.097
88,Nike Air Jordan 1 Red And Black,"The Nike Air Jordan 1 in Red and Black is an iconic basketball sneaker known for its stylish design and high-performance features, making it a favorite among sneaker enthusiasts and athletes.",mens-shoes,149.99,4.12,4.77,7,Nike,143.810412,low,excellent,0.032
89,Nike Baseball Cleats,Nike Baseball Cleats are designed for maximum traction and performance on the baseball field. They provide stability and support for players during games and practices.,mens-shoes,79.99,18.04,3.88,12,Nike,65.559804,very_low,good,0.049
90,Puma Future Rider Trainers,"The Puma Future Rider Trainers offer a blend of retro style and modern comfort. Perfect for casual wear, these trainers provide a fashionable and comfortable option for everyday use.",mens-shoes,89.99,4.2,4.9,90,Puma,86.21041999999998,very_low,excellent,0.054
91,Sports Sneakers Off White & Red,"The Sports Sneakers in Off White and Red combine style and functionality, making them a fashionable choice for sports enthusiasts. The red and off-white color combination adds a bold and energetic touch.",mens-shoes,119.99,4.97,4.77,17,Off White,114.026497,low,excellent,0.04
92,Sports Sneakers Off White Red,"Another variant of the Sports Sneakers in Off White Red, featuring a unique design. These sneakers offer style and comfort for casual occasions.",mens-shoes,109.99,0.04,4.69,62,Off White,109.946004,low,excellent,0.043
93,Brown Leather Belt Watch,"The Brown Leather Belt Watch is a stylish timepiece with a classic design. Featuring a genuine leather strap and a sleek dial, it adds a touch of sophistication to your look.",mens-watches,89.99,5.99,4.19,32,Fashion Timepieces,84.599599,very_low,excellent,0.047
94,Longines Master Collection,"The Longines Master Collection is an elegant and refined watch known for its precision and craftsmanship. With a timeless design, it's a symbol of luxury and sophistication.",mens-watches,1499.99,17.24,3.87,100,Longines,1241.391724,medium,good,0.003
95,Rolex Cellini Date Black Dial,"The Rolex Cellini Date with Black Dial is a classic and prestigious watch. With a black dial and date complication, it exudes sophistication and is a symbol of Rolex's heritage.",mens-watches,8999.99,8.88,4.97,40,Rolex,8200.790888,high,excellent,0.001
96,Rolex Cellini Moonphase,"The Rolex Cellini Moonphase is a masterpiece of horology, featuring a moon phase complication and exquisite design. It reflects Rolex's commitment to precision and elegance.",mens-watches,12999.99,17.52,2.58,36,Rolex,10722.391752,premium,neutral,0.0
97,Rolex Datejust,"The Rolex Datejust is an iconic and versatile timepiece with a date window. Known for its timeless design and reliability, it's a symbol of Rolex's watchmaking excellence.",mens-watches,10999.99,3.73,3.66,86,Rolex,10589.690373,premium,good,0.0
98,Rolex Submariner Watch,"The Rolex Submariner is a legendary dive watch with a rich history. Known for its durability and water resistance, it's a symbol of adventure and exploration.",mens-watches,13999.99,5.05,2.69,55,Rolex,13292.990505,premium,neutral,0.0
99,Amazon Echo Plus,The Amazon Echo Plus is a smart speaker with built-in Alexa voice control. It features premium sound quality and serves as a hub for controlling smart home devices.,mobile-accessories,99.99,12.07,4.99,61,Amazon,87.921207,very_low,excellent,0.05
100,Apple Airpods,"The Apple Airpods offer a seamless wireless audio experience. With easy pairing, high-quality sound, and Siri integration, they are perfect for on-the-go listening.",mobile-accessories,129.99,15.54,4.15,67,Apple,109.78955400000001,low,excellent,0.032
101,Apple AirPods Max Silver,"The Apple AirPods Max in Silver are premium over-ear headphones with high-fidelity audio, adaptive EQ, and active noise cancellation. Experience immersive sound in style.",mobile-accessories,549.99,13.67,3.47,59,Apple,474.80636699999997,medium,good,0.006
102,Apple Airpower Wireless Charger,The Apple AirPower Wireless Charger provides a convenient way to charge your compatible Apple devices wirelessly. Simply place your devices on the charging mat for effortless charging.,mobile-accessories,79.99,4.48,3.68,1,Apple,76.406448,very_low,good,0.046
103,Apple HomePod Mini Cosmic Grey,The Apple HomePod Mini in Cosmic Grey is a compact smart speaker that delivers impressive audio and integrates seamlessly with the Apple ecosystem for a smart home experience.,mobile-accessories,99.99,18.1,4.62,27,Apple,81.89180999999999,very_low,excellent,0.046
104,Apple iPhone Charger,The Apple iPhone Charger is a high-quality charger designed for fast and efficient charging of your iPhone. Ensure your device stays powered up and ready to go.,mobile-accessories,19.99,18.52,4.15,31,Apple,16.287851999999997,very_low,excellent,0.208
105,Apple MagSafe Battery Pack,The Apple MagSafe Battery Pack is a portable and convenient way to add extra battery life to your MagSafe-compatible iPhone. Attach it magnetically for a secure connection.,mobile-accessories,99.99,17.17,3.62,1,Apple,82.82171699999999,very_low,good,0.036
106,Apple Watch Series 4 Gold,"The Apple Watch Series 4 in Gold is a stylish and advanced smartwatch with features like heart rate monitoring, fitness tracking, and a beautiful Retina display.",mobile-accessories,349.99,12.02,2.74,33,Apple,307.921202,low,neutral,0.008
107,Beats Flex Wireless Earphones,"The Beats Flex Wireless Earphones offer a comfortable and versatile audio experience. With magnetic earbuds and up to 12 hours of battery life, they are ideal for everyday use.",mobile-accessories,49.99,5.73,4.24,50,Beats,47.125573,very_low,excellent,0.085
108,iPhone 12 Silicone Case with MagSafe Plum,The iPhone 12 Silicone Case with MagSafe in Plum is a stylish and protective case designed for the iPhone 12. It features MagSafe technology for easy attachment of accessories.,mobile-accessories,29.99,13.85,3.62,69,Apple,25.836385,very_low,good,0.121
109,Monopod,"The Monopod is a versatile camera accessory for stable and adjustable shooting. Perfect for capturing selfies, group photos, and videos with ease.",mobile-accessories,19.99,8.58,4.43,48,TechGear,18.274858,very_low,excellent,0.222
110,Selfie Lamp with iPhone,The Selfie Lamp with iPhone is a portable and adjustable LED light designed to enhance your selfies and video calls. Attach it to your iPhone for well-lit photos.,mobile-accessories,14.99,19.4,3.55,58,GadgetMaster,12.081940000000001,very_low,good,0.237
111,Selfie Stick Monopod,The Selfie Stick Monopod is a extendable and foldable device for capturing the perfect selfie or group photo. Compatible with smartphones and cameras.,mobile-accessories,12.99,19.12,3.88,11,SnapTech,10.506312,very_low,good,0.299
112,TV Studio Camera Pedestal,The TV Studio Camera Pedestal is a professional-grade camera support system for smooth and precise camera movements in a studio setting. Ideal for broadcast and production.,mobile-accessories,499.99,8.31,2.78,15,ProVision,458.44083100000006,low,neutral,0.006
113,Generic Motorcycle,"The Generic Motorcycle is a versatile and reliable bike suitable for various riding preferences. With a balanced design, it provides a comfortable and efficient riding experience.",motorcycle,3999.99,12.1,4.91,34,Generic Motors,3515.9912099999997,high,excellent,0.001
114,Kawasaki Z800,"The Kawasaki Z800 is a powerful and agile sportbike known for its striking design and performance. It's equipped with advanced features, making it a favorite among motorcycle enthusiasts.",motorcycle,8999.99,9.77,3.98,52,Kawasaki,8120.690976999999,high,good,0.0
115,MotoGP CI.H1,The MotoGP CI.H1 is a high-performance motorcycle inspired by MotoGP racing technology. It offers cutting-edge features and precision engineering for an exhilarating riding experience.,motorcycle,14999.99,6.92,2.97,10,MotoGP,13961.990692,premium,neutral,0.0
116,Scooter Motorcycle,The Scooter Motorcycle is a practical and fuel-efficient bike ideal for urban commuting. It features a step-through design and user-friendly controls for easy maneuverability.,motorcycle,2999.99,6.27,2.53,84,ScootMaster,2811.8906269999998,high,neutral,0.001
117,Sportbike Motorcycle,"The Sportbike Motorcycle is designed for speed and agility, with a sleek and aerodynamic profile. It's suitable for riders looking for a dynamic and thrilling riding experience.",motorcycle,7499.99,11.58,3.94,0,SpeedMaster,6631.491158,high,good,0.001
118,Attitude Super Leaves Hand Soap,"Attitude Super Leaves Hand Soap is a natural and nourishing hand soap enriched with the goodness of super leaves. It cleanses and moisturizes your hands, leaving them feeling fresh and soft.",skin-care,8.99,18.49,3.19,94,Attitude,7.327749000000001,very_low,good,0.355
119,Olay Ultra Moisture Shea Butter Body Wash,Olay Ultra Moisture Shea Butter Body Wash is a luxurious body wash that hydrates and nourishes your skin with the moisturizing power of shea butter. Enjoy a rich lather and silky-smooth skin.,skin-care,12.99,16.39,4.51,34,Olay,10.860939,very_low,excellent,0.347
120,Vaseline Men Body and Face Lotion,Vaseline Men Body and Face Lotion is a specially formulated lotion designed to provide long-lasting moisture to men's skin. It absorbs quickly and helps keep the skin hydrated and healthy.,skin-care,9.99,13.39,3.16,95,Vaseline,8.652339,very_low,good,0.316
121,iPhone 5s,"The iPhone 5s is a classic smartphone known for its compact design and advanced features during its release. While it's an older model, it still provides a reliable user experience.",smartphones,199.99,12.91,2.83,25,Apple,174.171291,low,neutral,0.014
122,iPhone 6,"The iPhone 6 is a stylish and capable smartphone with a larger display and improved performance. It introduced new features and design elements, making it a popular choice in its time.",smartphones,299.99,6.69,3.41,60,Apple,279.92066900000003,low,good,0.011
123,iPhone 13 Pro,"The iPhone 13 Pro is a cutting-edge smartphone with a powerful camera system, high-performance chip, and stunning display. It offers advanced features for users who demand top-notch technology.",smartphones,1099.99,9.37,4.12,56,Apple,996.920937,medium,excellent,0.004
124,iPhone X,"The iPhone X is a flagship smartphone featuring a bezel-less OLED display, facial recognition technology (Face ID), and impressive performance. It represents a milestone in iPhone design and innovation.",smartphones,899.99,19.59,2.51,37,Apple,723.681959,medium,neutral,0.003
125,Oppo A57,"The Oppo A57 is a mid-range smartphone known for its sleek design and capable features. It offers a balance of performance and affordability, making it a popular choice.",smartphones,249.99,2.43,3.94,19,Oppo,243.915243,low,good,0.016
126,Oppo F19 Pro Plus,The Oppo F19 Pro Plus is a feature-rich smartphone with a focus on camera capabilities. It boasts advanced photography features and a powerful performance for a premium user experience.,smartphones,399.99,18.64,3.51,78,Oppo,325.431864,low,good,0.009
127,Oppo K1,"The Oppo K1 series offers a range of smartphones with various features and specifications. Known for their stylish design and reliable performance, the Oppo K1 series caters to diverse user preferences.",smartphones,299.99,18.29,4.25,55,Oppo,245.12182900000002,low,excellent,0.014
128,Realme C35,The Realme C35 is a budget-friendly smartphone with a focus on providing essential features for everyday use. It offers a reliable performance and user-friendly experience.,smartphones,149.99,15.3,4.2,48,Realme,127.04153000000001,low,excellent,0.028
129,Realme X,The Realme X is a mid-range smartphone known for its sleek design and impressive display. It offers a good balance of performance and camera capabilities for users seeking a quality device.,smartphones,299.99,6.95,3.7,12,Realme,279.140695,low,good,0.012
130,Realme XT,"The Realme XT is a feature-rich smartphone with a focus on camera technology. It comes equipped with advanced camera sensors, delivering high-quality photos and videos for photography enthusiasts.",smartphones,349.99,11.51,4.58,80,Realme,309.70615100000003,low,excellent,0.013
131,Samsung Galaxy S7,"The Samsung Galaxy S7 is a flagship smartphone known for its sleek design and advanced features. It features a high-resolution display, powerful camera, and robust performance.",smartphones,299.99,19.55,3.3,67,Samsung,241.341955,low,good,0.011
132,Samsung Galaxy S8,"The Samsung Galaxy S8 is a premium smartphone with an Infinity Display, offering a stunning visual experience. It boasts advanced camera capabilities and cutting-edge technology.",smartphones,499.99,19.45,4.4,0,Samsung,402.741945,low,excellent,0.009
133,Samsung Galaxy S10,"The Samsung Galaxy S10 is a flagship device featuring a dynamic AMOLED display, versatile camera system, and powerful performance. It represents innovation and excellence in smartphone technology.",smartphones,699.99,5.59,3.06,19,Samsung,660.8605590000001,medium,good,0.004
134,Vivo S1,"The Vivo S1 is a stylish and mid-range smartphone offering a blend of design and performance. It features a vibrant display, capable camera system, and reliable functionality.",smartphones,249.99,10.17,3.5,50,Vivo,224.56601700000002,low,good,0.014
135,Vivo V9,"The Vivo V9 is a smartphone known for its sleek design and emphasis on capturing high-quality selfies. It features a notch display, dual-camera setup, and a modern design.",smartphones,299.99,17.67,3.6,82,Vivo,246.981767,low,good,0.012
136,Vivo X21,"The Vivo X21 is a premium smartphone with a focus on cutting-edge technology. It features an in-display fingerprint sensor, a high-resolution display, and advanced camera capabilities.",smartphones,499.99,17.41,4.26,7,Vivo,412.941741,low,excellent,0.009
137,American Football,"The American Football is a classic ball used in American football games. It is designed for throwing and catching, making it an essential piece of equipment for the sport.",sports-accessories,19.99,4.93,4.91,53,Not set,19.004493,very_low,excellent,0.246
138,Baseball Ball,"The Baseball Ball is a standard baseball used in baseball games. It features a durable leather cover and is designed for pitching, hitting, and fielding in the game of baseball.",sports-accessories,8.99,1.71,2.57,100,Not set,8.836271,very_low,neutral,0.286
139,Baseball Glove,"The Baseball Glove is a protective glove worn by baseball players. It is designed to catch and field the baseball, providing players with comfort and control during the game.",sports-accessories,24.99,2.9,3.96,22,Not set,24.265289999999997,very_low,good,0.158
140,Basketball,"The Basketball is a standard ball used in basketball games. It is designed for dribbling, shooting, and passing in the game of basketball, suitable for both indoor and outdoor play.",sports-accessories,14.99,7.44,4.66,75,Not set,13.874744,very_low,excellent,0.311
141,Basketball Rim,The Basketball Rim is a sturdy hoop and net assembly mounted on a basketball backboard. It provides a target for shooting and scoring in the game of basketball.,sports-accessories,39.99,7.74,4.6,43,Not set,36.894774,very_low,excellent,0.115
142,Cricket Ball,"The Cricket Ball is a hard leather ball used in the sport of cricket. It is bowled and batted in the game, and its hardness and seam contribute to the dynamics of cricket play.",sports-accessories,12.99,8.63,3.53,30,Not set,11.868962999999999,very_low,good,0.272
143,Cricket Bat,The Cricket Bat is an essential piece of cricket equipment used by batsmen to hit the cricket ball. It is made of wood and comes in various sizes and designs.,sports-accessories,29.99,3.29,3.17,98,Not set,29.003328999999997,very_low,good,0.106
144,Cricket Helmet,"The Cricket Helmet is a protective headgear worn by cricket players, especially batsmen and wicketkeepers. It provides protection against fast bowling and bouncers.",sports-accessories,44.99,9.64,4.69,10,Not set,40.652964,very_low,excellent,0.104
145,Cricket Wicket,"The Cricket Wicket is a set of three stumps and two bails, forming a wicket used in the sport of cricket. Batsmen aim to protect the wicket while scoring runs.",sports-accessories,29.99,16.93,4.73,25,Not set,24.912692999999997,very_low,excellent,0.158
146,Feather Shuttlecock,"The Feather Shuttlecock is used in the sport of badminton. It features natural feathers and is designed for high-speed play, providing stability and accuracy during matches.",sports-accessories,5.99,2.95,2.85,95,Not set,5.813295,very_low,neutral,0.476
147,Football,"The Football, also known as a soccer ball, is the standard ball used in the sport of football (soccer). It is designed for kicking and passing in the game.",sports-accessories,17.99,5.15,3.28,96,Not set,17.063515,very_low,good,0.182
148,Golf Ball,"The Golf Ball is a small ball used in the sport of golf. It features dimples on its surface, providing aerodynamic lift and distance when struck by a golf club.",sports-accessories,9.99,17.37,4.3,84,Not set,8.254737,very_low,excellent,0.43
149,Iron Golf,"The Iron Golf is a type of golf club designed for various golf shots. It features a solid metal head and is used for approach shots, chipping, and other golfing techniques.",sports-accessories,49.99,6.53,4.41,90,Not set,46.725653,very_low,excellent,0.088
150,Metal Baseball Bat,The Metal Baseball Bat is a durable and lightweight baseball bat made from metal alloys. It is commonly used in baseball games for hitting and batting practice.,sports-accessories,29.99,19.51,4.66,16,Not set,24.138951,very_low,excellent,0.155
151,Tennis Ball,The Tennis Ball is a standard ball used in the sport of tennis. It is designed for bouncing and hitting with tennis rackets during matches or practice sessions.,sports-accessories,6.99,11.76,4.06,28,Not set,6.167976,very_low,excellent,0.581
152,Tennis Racket,"The Tennis Racket is an essential piece of equipment used in the sport of tennis. It features a frame with strings and a grip, allowing players to hit the tennis ball.",sports-accessories,49.99,19.61,4.03,6,Not set,40.186961000000004,very_low,excellent,0.081
153,Volleyball,"The Volleyball is a standard ball used in the sport of volleyball. It is designed for passing, setting, and spiking over the net during volleyball matches.",sports-accessories,11.99,12.25,3.84,0,Not set,10.521225,very_low,good,0.32
154,Black Sun Glasses,"The Black Sun Glasses are a classic and stylish choice, featuring a sleek black frame and tinted lenses. They provide both UV protection and a fashionable look.",sunglasses,29.99,4.94,4.41,60,Fashion Shades,28.508494,very_low,excellent,0.147
155,Classic Sun Glasses,The Classic Sun Glasses offer a timeless design with a neutral frame and UV-protected lenses. These sunglasses are versatile and suitable for various occasions.,sunglasses,24.99,4.94,3.86,1,Fashion Shades,23.755494,very_low,good,0.154
156,Green and Black Glasses,"The Green and Black Glasses feature a bold combination of green and black colors, adding a touch of vibrancy to your eyewear collection. They are both stylish and eye-catching.",sunglasses,34.99,1.01,4.55,24,Fashion Shades,34.636601,very_low,excellent,0.13
157,Party Glasses,"The Party Glasses are designed to add flair to your party outfit. With unique shapes or colorful frames, they're perfect for adding a playful touch to your look during celebrations.",sunglasses,19.99,11.22,2.79,86,Fashion Fun,17.747122,very_low,neutral,0.14
158,Sunglasses,The Sunglasses offer a classic and simple design with a focus on functionality. These sunglasses provide essential UV protection while maintaining a timeless look.,sunglasses,22.99,1.51,3.02,27,Fashion Shades,22.642850999999997,very_low,good,0.131
159,iPad Mini 2021 Starlight,"The iPad Mini 2021 in Starlight is a compact and powerful tablet from Apple. Featuring a stunning Retina display, powerful A-series chip, and a sleek design, it offers a premium tablet experience.",tablets,499.99,3.64,3.18,47,Apple,481.790364,low,good,0.006
160,Samsung Galaxy Tab S8 Plus Grey,"The Samsung Galaxy Tab S8 Plus in Grey is a high-performance Android tablet by Samsung. With a large AMOLED display, powerful processor, and S Pen support, it's ideal for productivity and entertainment.",tablets,599.99,13.31,4.68,62,Samsung,520.131331,medium,excellent,0.008
161,Samsung Galaxy Tab White,"The Samsung Galaxy Tab in White is a sleek and versatile Android tablet. With a vibrant display, long-lasting battery, and a range of features, it offers a great user experience for various tasks.",tablets,349.99,18.2,3.72,92,Samsung,286.29182000000003,low,good,0.011
162,Blue Frock,"The Blue Frock is a charming and stylish dress for various occasions. With a vibrant blue color and a comfortable design, it adds a touch of elegance to your wardrobe.",tops,29.99,12.13,4.17,52,Not set,26.352213,very_low,excellent,0.139
163,Girl Summer Dress,"The Girl Summer Dress is a cute and breezy dress designed for warm weather. With playful patterns and lightweight fabric, it's perfect for keeping cool and stylish during the summer.",tops,19.99,19.2,4.77,43,Not set,16.15192,very_low,excellent,0.239
164,Gray Dress,"The Gray Dress is a versatile and chic option for various occasions. With a neutral gray color, it can be dressed up or down, making it a wardrobe staple for any fashion-forward individual.",tops,34.99,14.28,2.72,55,Not set,29.993428,very_low,neutral,0.078
165,Short Frock,"The Short Frock is a playful and trendy dress with a shorter length. Ideal for casual outings or special occasions, it combines style and comfort for a fashionable look.",tops,24.99,13.45,3.23,22,Not set,21.628845,very_low,good,0.129
166,Tartan Dress,"The Tartan Dress features a classic tartan pattern, bringing a timeless and sophisticated touch to your wardrobe. Perfect for fall and winter, it adds a hint of traditional charm.",tops,39.99,12.95,4.05,73,Not set,34.811295,very_low,excellent,0.101
167,300 Touring,"The 300 Touring is a stylish and comfortable sedan, known for its luxurious features and smooth performance.",vehicle,28999.99,3.98,4.05,54,Chrysler,27845.790398,premium,excellent,0.0
168,Charger SXT RWD,"The Charger SXT RWD is a powerful and sporty rear-wheel-drive sedan, offering a blend of performance and practicality.",vehicle,32999.99,8.23,2.58,57,Dodge,30284.090823,premium,neutral,0.0
169,Dodge Hornet GT Plus,"The Dodge Hornet GT Plus is a compact and agile hatchback, perfect for urban driving with a touch of sportiness.",vehicle,24999.99,2.63,2.65,82,Dodge,24342.490263000003,premium,neutral,0.0
170,Durango SXT RWD,"The Durango SXT RWD is a spacious and versatile SUV, known for its strong performance and family-friendly features.",vehicle,36999.99,16.44,4.07,95,Dodge,30917.191644,premium,excellent,0.0
171,Pacifica Touring,"The Pacifica Touring is a stylish and well-equipped minivan, offering comfort and convenience for family journeys.",vehicle,31999.99,14.76,3.62,53,Chrysler,27276.791476000002,premium,good,0.0
172,Blue Women's Handbag,"The Blue Women's Handbag is a stylish and spacious accessory for everyday use. With a vibrant blue color and multiple compartments, it combines fashion and functionality.",womens-bags,49.99,17.88,2.92,76,Fashionista,41.051788,very_low,neutral,0.058
173,Heshe Women's Leather Bag,"The Heshe Women's Leather Bag is a luxurious and high-quality leather bag for the sophisticated woman. With a timeless design and durable craftsmanship, it's a versatile accessory.",womens-bags,129.99,3.87,4.92,99,Heshe,124.95938700000002,low,excellent,0.038
174,Prada Women Bag,"The Prada Women Bag is an iconic designer bag that exudes elegance and luxury. Crafted with precision and featuring the Prada logo, it's a statement piece for fashion enthusiasts.",womens-bags,599.99,14.09,2.71,75,Prada,515.451409,medium,neutral,0.005
175,White Faux Leather Backpack,"The White Faux Leather Backpack is a trendy and practical backpack for the modern woman. With a sleek white design and ample storage space, it's perfect for both casual and on-the-go styles.",womens-bags,39.99,15.2,3.36,39,Urban Chic,33.91152,very_low,good,0.084
176,Women Handbag Black,"The Women Handbag in Black is a classic and versatile accessory that complements various outfits. With a timeless black color and functional design, it's a must-have in every woman's wardrobe.",womens-bags,59.99,11.63,2.89,11,Elegance Collection,53.013163,very_low,neutral,0.048
177,Black Women's Gown,"The Black Women's Gown is an elegant and timeless evening gown. With a sleek black design, it's perfect for formal events and special occasions, exuding sophistication and style.",womens-dresses,129.99,10.48,3.64,25,Not set,116.36704800000001,low,good,0.028
178,Corset Leather With Skirt,"The Corset Leather With Skirt is a bold and edgy ensemble that combines a stylish corset with a matching skirt. Ideal for fashion-forward individuals, it makes a statement at any event.",womens-dresses,89.99,16.26,3.05,30,Not set,75.35762599999998,very_low,good,0.034
179,Corset With Black Skirt,The Corset With Black Skirt is a chic and versatile outfit that pairs a fashionable corset with a classic black skirt. It offers a trendy and coordinated look for various occasions.,womens-dresses,79.99,15.06,4.52,33,Not set,67.94350599999999,very_low,excellent,0.057
180,Dress Pea,"The Dress Pea is a stylish and comfortable dress with a pea pattern. Perfect for casual outings, it adds a playful and fun element to your wardrobe, making it a great choice for day-to-day wear.",womens-dresses,49.99,17.68,4.88,6,Not set,41.151768000000004,very_low,excellent,0.098
181,Marni Red & Black Suit,"The Marni Red & Black Suit is a sophisticated and fashion-forward suit ensemble. With a combination of red and black tones, it showcases a modern design for a bold and confident look.",womens-dresses,179.99,19.02,4.48,62,Not set,145.755902,low,excellent,0.025
182,Green Crystal Earring,"The Green Crystal Earring is a dazzling accessory that features a vibrant green crystal. With a classic design, it adds a touch of elegance to your ensemble, perfect for formal or special occasions.",womens-jewellery,29.99,15.24,3.96,54,Not set,25.419524,very_low,good,0.132
183,Green Oval Earring,"The Green Oval Earring is a stylish and versatile accessory with a unique oval shape. Whether for casual or dressy occasions, its green hue and contemporary design make it a standout piece.",womens-jewellery,24.99,15.18,3.57,73,Not set,21.196518,very_low,good,0.143
184,Tropical Earring,"The Tropical Earring is a fun and playful accessory inspired by tropical elements. Featuring vibrant colors and a lively design, it's perfect for adding a touch of summer to your look.",womens-jewellery,19.99,0.76,4.4,1,Not set,19.838075999999997,very_low,excellent,0.22
185,Black & Brown Slipper,"The Black & Brown Slipper is a comfortable and stylish choice for casual wear. Featuring a blend of black and brown colors, it adds a touch of sophistication to your relaxation.",womens-shoes,19.99,3.33,2.53,3,Comfort Trends,19.324333,very_low,neutral,0.127
186,Calvin Klein Heel Shoes,"Calvin Klein Heel Shoes are elegant and sophisticated, designed for formal occasions. With a classic design and high-quality materials, they complement your stylish ensemble.",womens-shoes,79.99,3.19,4.92,93,Calvin Klein,77.43831899999999,very_low,excellent,0.062
187,Golden Shoes Woman,"The Golden Shoes for Women are a glamorous choice for special occasions. Featuring a golden hue and stylish design, they add a touch of luxury to your outfit.",womens-shoes,49.99,13.93,3.26,88,Fashion Diva,43.026393000000006,very_low,good,0.065
188,Pampi Shoes,"Pampi Shoes offer a blend of comfort and style for everyday use. With a versatile design, they are suitable for various casual occasions, providing a trendy and relaxed look.",womens-shoes,29.99,14.14,3.05,49,Pampi,25.749413999999998,very_low,good,0.102
189,Red Shoes,"The Red Shoes make a bold statement with their vibrant red color. Whether for a party or a casual outing, these shoes add a pop of color and style to your wardrobe.",womens-shoes,34.99,17.69,3.25,7,Fashion Express,28.800269,very_low,good,0.093
190,IWC Ingenieur Automatic Steel,"The IWC Ingenieur Automatic Steel watch is a durable and sophisticated timepiece. With a stainless steel case and automatic movement, it combines precision and style for watch enthusiasts.",womens-watches,4999.99,9.45,2.93,90,IWC,4527.490945,high,neutral,0.001
191,Rolex Cellini Moonphase,"The Rolex Cellini Moonphase watch is a masterpiece of horology. Featuring a moon phase complication, it showcases the craftsmanship and elegance that Rolex is renowned for.",womens-watches,15999.99,4.11,3.83,52,Rolex,15342.390410999998,premium,good,0.0
192,Rolex Datejust Women,"The Rolex Datejust Women's watch is an iconic timepiece designed for women. With a timeless design and a date complication, it offers both elegance and functionality.",womens-watches,10999.99,15.94,2.86,4,Rolex,9246.591594,premium,neutral,0.0
193,Watch Gold for Women,"The Gold Women's Watch is a stunning accessory that combines luxury and style. Featuring a gold-plated case and a chic design, it adds a touch of glamour to any outfit.",womens-watches,799.99,18.34,4.24,0,Fashion Gold,653.271834,medium,excellent,0.005
194,Women's Wrist Watch,"The Women's Wrist Watch is a versatile and fashionable timepiece for everyday wear. With a comfortable strap and a simple yet elegant design, it complements various styles.",womens-watches,129.99,12.6,3.52,12,Fashion Co.,113.61126,low,good,0.027
